[
    {
        "slug": "argentina-apuesta-por-la-desalinizacion-solar",
        "titulo": "Argentina apuesta por la desalinización solar",
        "contenido": "<p>Un proyecto piloto en la Patagonia combina energía solar con tecnología de desalinización para proveer agua potable a comunidades rurales aisladas.<\/p><p>La iniciativa podría replicarse en toda la costa argentina.<\/p>",
        "extracto": "Proyecto piloto en Patagonia combina solar y desalinización.",
        "categoria": "tecnologia",
        "imagen": "",
        "autor": "Redacción",
        "fecha": "2026-01-18 20:07:30",
        "publicado": true,
        "destacado": false
    },
    {
        "slug": "fuentes-de-agua-tendencia-en-diseno-de-interiores",
        "titulo": "Fuentes de agua: tendencia en diseño de interiores",
        "contenido": "<p>Las fuentes de agua interiores están viviendo un renacimiento en el diseño contemporáneo.<\/p><p>Arquitectos las incorporan como elementos que aportan tranquilidad y humidifican el ambiente.<\/p>",
        "extracto": "Las fuentes interiores vuelven como tendencia en arquitectura.",
        "categoria": "decoracion",
        "imagen": "",
        "autor": "Redacción",
        "fecha": "2026-01-19 20:07:30",
        "publicado": true,
        "destacado": false
    },
    {
        "slug": "inauguran-planta-de-tratamiento-en-mendoza",
        "titulo": "Inauguran planta de tratamiento en Mendoza",
        "contenido": "<p>La provincia de Mendoza inauguró una moderna planta de tratamiento que permitirá reutilizar el 80% del agua residual para riego agrícola.<\/p><p>La inversión representa un hito en la gestión sustentable del recurso hídrico en la región cuyana.<\/p>",
        "extracto": "Nueva planta permitirá reutilizar el 80% del agua residual.",
        "categoria": "sustentabilidad",
        "imagen": "",
        "autor": "Redacción",
        "fecha": "2026-01-20 20:07:30",
        "publicado": true,
        "destacado": false
    },
    {
        "slug": "el-futuro-del-agua-es-ahora",
        "titulo": "El futuro del agua es ahora",
        "contenido": "<p>Vivimos tiempos de transformación. El agua, ese recurso que durante siglos dimos por sentado, se ha convertido en el centro de debates geopolíticos e innovaciones tecnológicas.<\/p><p>Desde mi perspectiva, estamos ante una oportunidad única para repensar cómo gestionamos este recurso vital.<\/p><p>La pregunta no es si cambiaremos, sino cuán rápido lo haremos.<\/p>",
        "extracto": "Una reflexión sobre los desafíos y oportunidades en la gestión del agua.",
        "categoria": "columnas",
        "imagen": "",
        "autor": "Dr. Roberto Fernández",
        "fecha": "2026-01-21 20:07:30",
        "publicado": true,
        "destacado": false
    },
    {
        "slug": "las-aguas-premium-argentinas-conquistan-europa",
        "titulo": "Las aguas premium argentinas conquistan Europa",
        "contenido": "<p>Las aguas minerales argentinas de alta gama están ganando terreno en restaurantes de lujo europeos.<\/p><p>Marcas nacionales han logrado posicionarse en cartas de sommeliers de agua en París, Londres y Madrid.<\/p><h2>Un nuevo nicho<\/h2><p>El sommelier de agua es una profesión emergente que está transformando la industria.<\/p>",
        "extracto": "Marcas argentinas de agua premium llegan a restaurantes de lujo europeos.",
        "categoria": "gourmet",
        "imagen": "",
        "autor": "Redacción",
        "fecha": "2026-01-22 20:07:30",
        "publicado": true,
        "destacado": true
    },
    {
        "slug": "nueva-tecnologia-permite-riego-con-70-menos-agua",
        "titulo": "Nueva tecnología permite riego con 70% menos agua",
        "contenido": "<p>Investigadores argentinos del INTA desarrollaron un sistema de riego inteligente que reduce el consumo de agua en un 70% manteniendo los mismos niveles de productividad.<\/p><p>El sistema utiliza sensores de humedad y algoritmos de inteligencia artificial para determinar el momento óptimo de riego.<\/p><h2>Resultados en campo<\/h2><p>Las pruebas realizadas en cultivos de soja en Córdoba mostraron resultados prometedores.<\/p>",
        "extracto": "Investigadores del INTA desarrollaron un sistema de riego inteligente.",
        "categoria": "agro",
        "imagen": "",
        "autor": "Redacción",
        "fecha": "2026-01-23 20:07:30",
        "publicado": true,
        "destacado": true
    },
    {
        "slug": "china-lidera-inversion-global-en-desalinizacion-del-agua",
        "titulo": "China lidera inversión global en desalinización del agua",
        "contenido": "<p>En un movimiento estratégico que redefine el mapa geopolítico del agua, China ha anunciado una inversión sin precedentes de 50 mil millones de dólares en plantas desalinizadoras a lo largo de su costa.<\/p><p>Esta iniciativa, que se desarrollará durante los próximos diez años, posicionará al gigante asiático como líder mundial en tecnología de desalinización.<\/p><h2>Implicaciones para América Latina<\/h2><p>Expertos del sector señalan que esta movida podría tener repercusiones significativas para países latinoamericanos con extensas costas.<\/p><blockquote>\"El agua será el petróleo del siglo XXI, y quien domine su producción dominará la economía global.\"<\/blockquote><p>Argentina, con su extensa costa atlántica, podría beneficiarse de acuerdos de transferencia tecnológica.<\/p>",
        "extracto": "El gigante asiático invertirá 50 mil millones de dólares en plantas desalinizadoras.",
        "categoria": "geopolitica",
        "imagen": "",
        "autor": "Redacción",
        "fecha": "2026-01-24 20:07:30",
        "publicado": true,
        "destacado": true
    }
]