[
    {
        "titulo": "Esto es una prueba",
        "descripcion": "esto es un sitio de prueba",
        "url": "https:\/\/google.com.ar",
        "imagen": "\/uploads\/1769382678_segu-700x496.jpg",
        "posicion": "header",
        "activo": false
    },
    {
        "titulo": "Ironboxing club",
        "descripcion": "esto es un sitio de prueba",
        "url": "https:\/\/google.com.ar",
        "imagen": "\/uploads\/1769382733_segu-700x496.jpg",
        "posicion": "sidebar",
        "activo": true
    }
]