[
    {
        "titulo": "Documental: Crisis del agua en el mundo",
        "url": "https:\/\/www.youtube.com\/watch?v=C65iqOSCZOY",
        "duracion": "15:00",
        "fecha": "2026-01-25"
    },
    {
        "titulo": "Tecnología de riego inteligente - Demo",
        "url": "https:\/\/www.youtube.com\/watch?v=1PNX6M_dVsk",
        "duracion": "8:30",
        "fecha": "2026-01-25"
    },
    {
        "titulo": "El ciclo del agua explicado",
        "url": "https:\/\/www.youtube.com\/watch?v=al-do-HGuIk",
        "duracion": "5:00",
        "fecha": "2026-01-25"
    }
]